0.01, 620.456, -620.456
0.01, 606.502, 13.9534
0.01, 596.291, 10.211
0.01, 587.18, 9.11135
0.01, 580.57, 6.60943
0.01, 573.628, 6.94206
0.01, 567.558, 6.07074
0.01, 562.602, 4.95575
0.01, 557.646, 4.95546
0.01, 553.983, 3.66364
0.01, 549.937, 4.04582
0.01, 545.377, 4.55988
0.01, 542.175, 3.20179
0.01, 538.628, 3.54753
0.01, 535.136, 3.49161
0.01, 532.024, 3.11245
0.01, 529.236, 2.78764
0.01, 526.873, 2.36343
0.01, 524.413, 2.46009
0.01, 522.026, 2.38675
0.01, 519.756, 2.27008
0.01, 517.671, 2.08473
0.01, 515.608, 2.06299
0.01, 512.966, 2.64201
0.01, 511.524, 1.44148
0.01, 509.537, 1.98709
0.01, 507.716, 1.821
0.01, 505.59, 2.12636
0.01, 503.375, 2.2153
0.01, 502.077, 1.29788
0.01, 500.028, 2.04919
0.01, 498.578, 1.44994
0.01, 497.037, 1.54038
0.01, 495.729, 1.30829
0.01, 494.091, 1.63804
0.01, 493.241, 0.84953
0.01, 491.735, 1.50665
0.01, 490.448, 1.28678
0.01, 489.591, 0.857193
0.01, 487.84, 1.7504
0.01, 486.813, 1.02702
0.01, 485.463, 1.35062
0.01, 484.257, 1.20547
0.01, 483.583, 0.674504
0.01, 482.488, 1.09521
0.01, 480.525, 1.963
0.01, 479.88, 0.645028
0.01, 478.393, 1.48696
0.01, 477.743, 0.650096
0.01, 476.98, 0.762101
0.01, 476.112, 0.868574
0.01, 474.606, 1.50625
0.01, 473.794, 0.811641
0.01, 473.066, 0.727653
0.01, 472.041, 1.02521
0.01, 471.011, 1.02994
0.01, 469.073, 1.93803
0.01, 469.012, 0.0610569
0.01, 468.804, 0.207648
0.01, 467.687, 1.11713
0.01, 466.309, 1.37839
0.01, 466.259, 0.0502193
0.01, 465.102, 1.15697
0.01, 464.921, 0.180582
0.01, 463.803, 1.11769
0.01, 463.012, 0.791828
0.01, 461.883, 1.1284
0.01, 461.877, 0.00660842
0.01, 461.089, 0.787414
0.01, 460.659, 0.429743
0.01, 459.737, 0.922322
0.01, 459.101, 0.636519
0.01, 458.469, 0.631468
0.01, 457.949, 0.519894
0.01, 457.323, 0.625945
0.01, 456.981, 0.342786
0.01, 455.766, 1.21504
0.01, 455.163, 0.602488
0.01, 454.277, 0.885578
0.01, 454.201, 0.0760936
0.01, 453.143, 1.0585
0.01, 453.067, 0.0753962
0.01, 452.553, 0.514202
0.01, 452.434, 0.119123
0.01, 451.242, 1.19225
0.01, 451.229, 0.0129299
0.01, 451.044, 0.185157
0.01, 450.75, 0.294011
0.01, 449.908, 0.842273
0.01, 449.297, 0.610828
0.01, 448.431, 0.866018
0.01, 448.384, 0.0468143
0.01, 447.413, 0.970977
0.01, 446.935, 0.477846
0.01, 446.467, 0.467813
0.01, 445.715, 0.751756
0.01, 445.516, 0.199108
0.01, 445.416, 0.100861
0.01, 444.952, 0.463685
0.01, 444.589, 0.362852
0.01, 444.102, 0.486767
0.01, 444.102, 0
0.01, 444.005, 0.0972971
0.01, 443.506, 0.498487
0.01, 443.506, 0
0.01, 442.969, 0.53729
0.01, 442.287, 0.682392
0.01, 442.17, 0.116779
0.01, 441.667, 0.50248
0.01, 441.485, 0.182185
0.01, 441.152, 0.333382
0.01, 441.089, 0.0632748
0.01, 440.701, 0.387483
0.01, 440.473, 0.227756
0.01, 440.473, 0
0.01, 440.47, 0.00385565
0.01, 439.777, 0.692389
0.01, 439.777, 0
0.01, 439.68, 0.0972218
0.01, 439.502, 0.177956
0.01, 439.211, 0.291401
0.01, 438.912, 0.298457
0.01, 438.912, 0
0.01, 438.3, 0.612307
0.01, 437.471, 0.829297
0.01, 437.471, 0
0.01, 437.471, 0
0.01, 437.253, 0.217352
0.01, 437.072, 0.181164
0.01, 437.072, 0
0.01, 436.686, 0.386377
0.01, 436.625, 0.0606496
0.01, 436.34, 0.285367
0.01, 436.081, 0.258102
0.01, 435.432, 0.649534
0.01, 434.972, 0.460171
0.01, 434.837, 0.13527
0.01, 434.606, 0.230684
0.01, 434.336, 0.270279
0.01, 433.88, 0.455345
0.01, 433.88, -1.13687e-13
0.01, 433.664, 0.216641
0.01, 433.662, 0.0010928
0.01, 433.15, 0.512644
0.01, 432.807, 0.343169
0.01, 432.393, 0.413369
0.01, 432.078, 0.31504
0.01, 431.707, 0.371628
0.01, 431.707, 0
0.01, 431.357, 0.349615
0.01, 431.157, 0.200051
0.01, 430.803, 0.353481
0.01, 430.233, 0.570342
0.01, 430.097, 0.136076
0.01, 429.874, 0.223141
0.01, 429.874, 0
0.01, 429.874, 0
0.01, 429.637, 0.236456
0.01, 429.431, 0.206478
0.01, 429.331, 0.0999779
0.01, 428.819, 0.512193
0.01, 428.173, 0.645773
0.01, 427.954, 0.219083
0.01, 427.954, 0
0.01, 427.746, 0.208104
0.01, 427.709, 0.0366257
0.01, 427.455, 0.253805
0.01, 427.322, 0.133851
0.01, 426.875, 0.4464
0.01, 426.875, 1.13687e-13
0.01, 426.687, 0.188047
0.01, 426.412, 0.274693
0.01, 426.412, 0
0.01, 425.61, 0.802262
0.01, 425.251, 0.358997
0.01, 425.251, 0
0.01, 425.251, 0
0.01, 424.985, 0.266395
0.01, 424.853, 0.132209
0.01, 424.853, 0
0.01, 424.631, 0.221291
0.01, 424.5, 0.130793
0.01, 424.251, 0.249653
0.01, 423.837, 0.414267
0.01, 423.837, 0
0.01, 423.837, 0
0.01, 423.693, 0.143713
0.01, 423.233, 0.459674
0.01, 423.159, 0.0737497
0.01, 423.159, 0
0.01, 423.088, 0.0715862
0.01, 423.025, 0.062777
0.01, 423.025, 0
0.01, 422.78, 0.245075
0.01, 422.581, 0.199459
0.01, 422.553, 0.0271685
0.01, 422.487, 0.0662492
0.01, 422.487, 0
0.01, 422.15, 0.337454
0.01, 422.15, 0
0.01, 421.931, 0.21902
0.01, 421.609, 0.321756
0.01, 421.609, 0
0.01, 421.29, 0.318889
0.01, 421.29, 0
0.01, 421.073, 0.217478
0.01, 421.073, 0
0.01, 420.78, 0.292721
0.01, 420.3, 0.479849
0.01, 420.221, 0.0787815
0.01, 419.835, 0.386419
0.01, 418.955, 0.879491
0.01, 418.955, 0
0.01, 418.955, 0
0.01, 418.955, 0
0.01, 418.764, 0.191552
0.01, 418.449, 0.314582
0.01, 418.449, 0
0.01, 417.993, 0.45628
0.01, 417.993, 0
0.01, 417.993, 0
0.01, 417.993, 0
0.01, 417.687, 0.306202
0.01, 417.687, 0
0.01, 417.687, 0
0.01, 417.687, 0
0.01, 417.48, 0.20705
0.01, 417.48, 0
0.01, 417.202, 0.277802
0.01, 416.991, 0.210853
0.01, 416.991, 0
0.01, 416.812, 0.178523
0.01, 416.812, 0
0.01, 416.273, 0.538971
0.01, 416.216, 0.057008
0.01, 415.421, 0.795691
0.01, 415.421, 0
0.01, 415.421, 0
0.01, 415.421, 0
0.01, 415.421, 0
0.0099, 415.421, 0
0.0099, 415.261, 0.159732
0.0099, 415.212, 0.0485594
0.0099, 415.027, 0.185567
0.0099, 414.535, 0.492016
0.0099, 414.535, 0
0.0099, 414.43, 0.104484
0.0099, 414.056, 0.374851
0.0099, 414.013, 0.0421412
0.0099, 414.013, 0
0.0099, 413.654, 0.359117
0.0099, 413.654, -5.68434e-14
0.0099, 413.654, 0
0.0099, 413.642, 0.0121448
0.0099, 413.642, 0
0.0099, 413.615, 0.0267657
0.0099, 413.384, 0.231428
0.0099, 413.384, 0
0.0099, 413.164, 0.219695
0.0099, 413.164, -1.13687e-13
0.0099, 413.164, 0
0.0099, 413.164, 0
0.0099, 412.386, 0.777897
0.0099, 412.386, 0
0.0099, 412.386, 0
0.0099, 412.386, 0
0.0099, 412.386, 0
0.0099, 412.386, 0
0.0099, 412.386, 0
0.0099, 412.386, 0
0.009801, 412.144, 0.242374
0.009801, 411.991, 0.152881
0.009801, 411.991, 0
0.009801, 411.541, 0.450538
0.009801, 411.541, 0
0.009801, 411.541, 0
0.009801, 411.541, 0
0.009801, 411.187, 0.35337
0.009801, 411.187, 0
0.009801, 411.104, 0.083415
0.009801, 411.104, 0
0.009801, 411.104, 0
0.009801, 411.104, 0
0.009801, 411.104, 0
0.009801, 410.908, 0.195437
0.009801, 410.908, 0
0.009801, 410.908, 0
0.009801, 410.84, 0.0688185
0.009801, 410.608, 0.231289
0.009801, 410.606, 0.00172472
0.009801, 410.595, 0.0119576
0.009801, 410.554, 0.0403105
0.009801, 409.996, 0.558351
0.009801, 409.996, 0
0.009801, 409.996, 0
0.009801, 409.974, 0.0217853
0.009801, 409.974, 0
0.009801, 409.974, 0
0.009801, 409.549, 0.425273
0.009801, 409.549, 0
0.009801, 409.549, 0
0.009801, 409.549, 0
0.009801, 409.451, 0.0973562
0.009801, 409.451, 0
0.009801, 409.337, 0.114184
0.009801, 409.337, 0
0.009801, 409.337, 0
0.009801, 409.289, 0.0487576
0.009801, 409.128, 0.160144
0.009801, 409.128, 0
0.009801, 409.128, 0
0.009801, 408.829, 0.299363
0.009801, 408.736, 0.0930692
0.009801, 408.736, 0
0.009801, 408.736, 0
0.009801, 408.4, 0.336245
0.009801, 408.4, 0
0.009801, 408.4, 0
0.009801, 408.335, 0.0644594
0.009801, 408.264, 0.0710245
0.009801, 408.026, 0.238381
0.009801, 408.026, 0
0.009801, 408.016, 0.00962155
0.009801, 408.016, 0
0.009801, 408.016, 0
0.009801, 408.016, 0
0.009801, 407.978, 0.03828
0.009801, 407.608, 0.369921
0.009801, 407.608, 0
0.009801, 407.57, 0.0375417
0.009801, 407.245, 0.325187
0.009801, 407.245, 0
0.009801, 407.245, 0
0.009801, 407.245, 0
0.009801, 406.761, 0.483904
0.009801, 406.722, 0.03955
0.009801, 406.42, 0.302084
0.009801, 406.42, 0
0.009801, 406.42, 0
0.009801, 406.42, 0
0.009801, 406.42, 0
0.009801, 406.292, 0.128137
0.009801, 406.292, 0
0.009801, 406.292, 0
0.009801, 406.292, 0
0.009801, 406.185, 0.107102
0.009801, 406.185, -1.13687e-13
0.009801, 406.062, 0.12223
0.009801, 406.062, 0
0.009801, 406.062, 0
0.009801, 406.062, 0
0.009801, 406.062, 0
0.009801, 406.062, 0
0.009801, 406.062, 0
0.009801, 406.062, 0
0.00970299, 406.062, 0
0.00970299, 406.062, 0
0.00970299, 405.991, 0.0716953
0.00970299, 405.809, 0.182042
0.00970299, 405.433, 0.375301
0.00970299, 405.433, 0
0.00970299, 405.152, 0.281157
0.00970299, 405.152, 0
0.00970299, 405.152, 0
0.00970299, 405.078, 0.0737919
0.00970299, 404.921, 0.15739
0.00970299, 404.921, 0
0.00970299, 404.921, 0
0.00970299, 404.921, 0
0.00970299, 404.921, 0
0.00960596, 404.921, 0
0.00960596, 404.8, 0.121122
0.00960596, 404.684, 0.115338
0.00960596, 404.684, 0
0.00960596, 404.684, 0
0.00960596, 404.43, 0.254182
0.00960596, 404.283, 0.147704
0.00960596, 404.283, 0
0.00960596, 404.283, 0
0.00960596, 404.276, 0.00667378
0.00960596, 404.276, 0
0.00960596, 404.129, 0.146462
0.00960596, 404.129, 0
0.00960596, 404.052, 0.0769899
0.00960596, 404.052, 0
0.00960596, 403.604, 0.448557
0.00960596, 403.604, 0
0.00960596, 403.604, 0
0.00960596, 403.119, 0.484708
0.00960596, 403.025, 0.0944396
0.00960596, 403.025, 0
0.00960596, 403.025, 0
0.00960596, 403.025, 0
0.00960596, 402.919, 0.105787
0.00960596, 402.919, 0
0.00960596, 402.761, 0.157532
0.00960596, 402.761, 0
0.00960596, 402.699, 0.0624501
0.00960596, 402.699, 0
0.00960596, 402.699, 0
0.00960596, 402.689, 0.00988526
0.00960596, 402.689, 0
0.00960596, 402.607, 0.0818887
0.00960596, 402.278, 0.329354
0.00960596, 402.278, 0
0.00960596, 402.278, 0
0.00960596, 402.278, 0
0.00960596, 401.878, 0.399891
0.00960596, 401.878, 0
0.00960596, 401.878, 0
0.00960596, 401.878, 0
0.00960596, 401.878, 0
0.00960596, 401.878, 0
0.00960596, 401.878, 0
0.00960596, 401.769, 0.108858
0.00960596, 401.513, 0.256144
0.00960596, 401.513, 0
0.00960596, 401.245, 0.268412
0.00960596, 401.245, 5.68434e-14
0.00960596, 401.016, 0.228991
0.00960596, 400.937, 0.0787467
0.00960596, 400.52, 0.416726
0.00960596, 400.52, 0
0.00960596, 400.52, 0
0.00960596, 400.223, 0.29673
0.00960596, 400.164, 0.0596096
0.00960596, 400.164, 0
0.00960596, 400.164, 0
0.00960596, 399.485, 0.67909
0.00960596, 399.485, 0
0.00960596, 399.391, 0.0937239
0.00960596, 399.391, -5.68434e-14
0.00960596, 398.973, 0.417677
0.00960596, 398.973, 0
0.00960596, 398.973, 0
0.00960596, 398.973, 0
0.00960596, 398.973, 0
0.00960596, 398.973, 0
0.00960596, 398.973, 0
0.00960596, 398.973, 0
0.0095099, 398.973, 0
0.0095099, 398.973, 0
0.0095099, 398.878, 0.0952427
0.0095099, 398.878, 0
0.0095099, 398.878, 0
0.0095099, 398.878, 0
0.0095099, 398.878, 0
0.0095099, 398.878, 0
0.0095099, 398.878, 0
0.0095099, 398.751, 0.127436
0.0095099, 398.751, 0
0.0095099, 398.751, 0
0.0095099, 398.751, 0
0.0095099, 398.751, 0
0.0095099, 398.573, 0.177226
0.0095099, 398.573, 0
0.0095099, 398.573, 0
0.0095099, 398.573, 0
0.0095099, 398.573, 0
0.0095099, 398.573, 0
0.0094148, 398.573, 0
0.0094148, 398.573, 0
0.0094148, 398.573, 0
0.0094148, 398.562, 0.0115679
0.0094148, 398.562, 0
0.0094148, 398.562, 0
0.0094148, 398.562, 0
0.0094148, 398.523, 0.0382727
0.0094148, 398.523, 0
0.0094148, 398.507, 0.0160829
0.0094148, 398.507, 0
0.0094148, 398.25, 0.257189
0.0094148, 397.816, 0.434439
0.0094148, 397.816, 0
0.0094148, 397.816, 0
0.0094148, 397.816, 0
0.0094148, 397.816, 0
0.0094148, 397.816, 0
0.0094148, 397.816, 0
0.0094148, 397.671, 0.144364
0.0094148, 397.671, 0
0.0094148, 397.671, 0
0.0094148, 397.671, 0
0.0094148, 397.549, 0.122024
0.0094148, 397.549, 0
0.0094148, 397.549, 0
0.0094148, 397.549, 0
0.0094148, 397.549, 0
0.0094148, 397.549, 0
0.0094148, 397.549, 0
0.00932065, 397.426, 0.123263
0.00932065, 397.265, 0.160854
0.00932065, 397.265, 0
0.00932065, 397.265, 0
0.00932065, 397.265, 0
0.00932065, 397.265, 0
0.00932065, 397.219, 0.0465758
0.00932065, 397.217, 0.00170867
0.00932065, 397.217, 0
0.00932065, 397.217, 0
0.00932065, 397.217, 0
0.00932065, 397.217, 0
0.00932065, 396.735, 0.481701
0.00932065, 396.735, 0
0.00932065, 396.735, 0
0.00932065, 396.735, 0
0.00932065, 396.735, 0
0.00932065, 396.735, 0
0.00932065, 396.735, 0
0.00932065, 396.735, 0
0.00922745, 396.735, 0
0.00922745, 396.735, 0
0.00922745, 396.735, 0
0.00922745, 396.735, 0
0.00922745, 396.735, 0
0.00913517, 396.735, 0
0.00913517, 396.735, 0
0.00913517, 396.735, 0
0.00913517, 396.735, 0
0.00904382, 396.735, 0
0.00904382, 396.735, 0
0.00904382, 396.735, 0
0.00904382, 396.735, 0
0.00895338, 396.735, 0
0.00895338, 396.597, 0.137862
0.00895338, 396.597, 0
0.00895338, 396.492, 0.105263
0.00895338, 396.492, 0
0.00895338, 396.387, 0.105394
0.00895338, 396.387, 0
0.00895338, 396.369, 0.0182032
0.00895338, 396.369, 0
0.00895338, 396.369, 0
0.00895338, 396.369, 0
0.00895338, 396.369, 0
0.00886385, 396.369, 0
0.00886385, 396.344, 0.0246663
0.00886385, 396.304, 0.0403585
0.00886385, 396.304, 0
0.00886385, 396.304, 0
0.00886385, 396.304, 0
0.00886385, 396.156, 0.147628
0.00886385, 396.156, 0
0.00886385, 396.156, 0
0.00886385, 396.007, 0.149326
0.00886385, 396.007, 0
0.00886385, 396.007, 0
0.00886385, 396.007, 0
0.00886385, 396.007, 0
0.00886385, 396.007, 0
0.00877521, 396.007, 0
0.00877521, 395.997, 0.00936442
0.00877521, 395.997, 0
0.00877521, 395.997, 0
0.00877521, 395.997, 0
0.00877521, 395.997, 0
0.00877521, 395.997, 0
0.00877521, 395.997, 0
0.00877521, 395.997, 0
0.00877521, 395.997, 0
0.00868746, 395.865, 0.132352
0.00868746, 395.776, 0.0893237
0.00868746, 395.776, 0
0.00868746, 395.776, 0
0.00868746, 395.776, 0
0.00868746, 395.655, 0.120935
0.00868746, 395.655, 0
0.00868746, 395.655, 0
0.00868746, 395.655, 0
0.00868746, 395.655, 0
0.00860058, 395.501, 0.153639
0.00860058, 395.501, 0
0.00860058, 395.385, 0.116005
0.00860058, 395.385, 0
0.00860058, 394.979, 0.405518
0.00860058, 394.979, 0
0.00860058, 394.979, 0
0.00860058, 394.979, 0
0.00860058, 394.979, 0
0.00860058, 394.979, 0
0.00851458, 394.979, 0
0.00851458, 394.979, 0
0.00851458, 394.979, 0
0.00851458, 394.979, 0
0.00851458, 394.979, 0
0.00842943, 394.979, 0
0.00842943, 394.909, 0.070558
0.00842943, 394.909, 0
0.00842943, 394.791, 0.117415
0.00842943, 394.791, 0
0.00842943, 394.791, 0
0.00842943, 394.254, 0.537274
0.00842943, 394.254, -5.68434e-14
0.00842943, 394.254, 0
0.00842943, 394.231, 0.0227826
0.00842943, 394.14, 0.0913335
0.00842943, 394.14, 0
0.00842943, 393.833, 0.307315
0.00842943, 393.833, 0
0.00842943, 393.62, 0.212279
0.00842943, 393.62, 0
0.00842943, 393.565, 0.0556656
0.00842943, 393.565, 0
0.00842943, 393.565, 0
0.00842943, 393.565, 0
0.00842943, 393.565, 0
0.00842943, 393.302, 0.262978
0.00842943, 393.302, 0
0.00842943, 393.302, 0
0.00842943, 393.293, 0.00867828
0.00842943, 392.966, 0.327051
0.00842943, 392.966, 0
0.00842943, 392.912, 0.053831
0.00842943, 392.785, 0.127733
0.00842943, 392.785, 0
0.00842943, 392.785, 0
0.00842943, 392.785, 0
0.00842943, 392.674, 0.110859
0.00842943, 392.674, 0
0.00842943, 392.416, 0.257822
0.00842943, 392.416, 0
0.00842943, 392.416, 0
0.00842943, 392.173, 0.242432
0.00842943, 392.173, 0
0.00842943, 392.173, 0
0.00842943, 392.173, 0
0.00842943, 392.173, 0
0.00842943, 392.173, 0
0.00842943, 391.76, 0.413176
0.00842943, 391.728, 0.0322122
0.00842943, 391.728, 0
0.00842943, 391.728, 0
0.00842943, 391.728, 0
0.00842943, 391.728, 0
0.00842943, 391.728, 0
0.00834514, 391.618, 0.109927
0.00834514, 391.618, 0
0.00834514, 391.431, 0.18719
0.00834514, 391.431, 0
0.00834514, 391.431, 0
0.00834514, 391.431, 0
0.00834514, 391.431, 0
0.00834514, 391.431, 0
0.00834514, 391.333, 0.098085
0.00834514, 391.333, 0
0.00834514, 391.146, 0.186935
0.00834514, 391.146, 0
0.00834514, 390.776, 0.369545
0.00834514, 390.776, 0
0.00834514, 390.776, 0
0.00834514, 390.691, 0.0850271
0.00834514, 390.691, 0
0.00834514, 390.691, 0
0.00834514, 390.691, 0
0.00834514, 390.654, 0.0372349
0.00834514, 390.654, 0
0.00834514, 390.546, 0.107789
0.00834514, 390.546, 0
0.00834514, 390.546, 0
0.00834514, 390.546, 0
0.00834514, 390.546, 0
0.00834514, 390.401, 0.145271
0.00834514, 390.278, 0.123155
0.00834514, 390.278, 0
0.00834514, 390.268, 0.0101128
0.00834514, 390.187, 0.0804265
0.00834514, 390.187, 0
0.00834514, 390.06, 0.127842
0.00834514, 389.2, 0.859874
0.00834514, 389.2, 0
0.00834514, 389.2, 0
0.00834514, 389.2, 0
0.00834514, 389.2, 0
0.00834514, 389.2, 0
0.00834514, 389.2, 0
0.00826169, 389.185, 0.0141793
0.00826169, 389.185, 0
0.00826169, 389.185, 0
0.00826169, 389.066, 0.11985
0.00826169, 389.066, 0
0.00826169, 389.009, 0.0563574
0.00826169, 389.009, 0
0.00826169, 388.987, 0.0220489
0.00826169, 388.987, 0
0.00826169, 388.877, 0.110002
0.00826169, 388.876, 0.00132841
0.00826169, 388.876, 0
0.00826169, 388.52, 0.355986
0.00826169, 388.52, 0
0.00826169, 388.52, 0
0.00826169, 388.52, 0
0.00826169, 388.52, 0
0.00826169, 388.52, 0
0.00826169, 388.52, 0
0.00826169, 388.52, 0
0.00817907, 388.52, 0
0.00817907, 388.52, 0
0.00817907, 388.52, 0
0.00817907, 388.52, 0
0.00817907, 388.456, 0.0643626
0.00817907, 388.456, 0
0.00817907, 388.456, 0
0.00817907, 388.185, 0.270091
0.00817907, 388.185, 0
0.00817907, 388.145, 0.0405071
0.00817907, 388.145, 0
0.00817907, 388.145, 0
0.00817907, 388.145, 0
0.00817907, 388.145, 0
0.00817907, 388.145, 0
0.00809728, 388.145, 0
0.00809728, 388.145, 0
0.00809728, 388.145, 0
0.00809728, 388.145, 0
0.00809728, 388.145, 0
0.00801631, 388.145, 0
0.00801631, 388.145, 0
0.00801631, 388.145, 0
0.00801631, 388.145, 0
0.00793614, 388.145, 0
0.00793614, 388.015, 0.130016
0.00793614, 388.006, 0.00918961
0.00793614, 387.903, 0.102632
0.00793614, 387.903, 0
0.00793614, 387.869, 0.0344863
0.00793614, 387.705, 0.163269
0.00793614, 387.705, 0
0.00793614, 387.705, 0
0.00793614, 387.565, 0.14058
0.00793614, 387.565, 0
0.00793614, 387.434, 0.131155
0.00793614, 387.434, 0
0.00793614, 387.379, 0.0548098
0.00793614, 387.379, 0
0.00793614, 387.379, 0
0.00793614, 387.379, 0
0.00793614, 386.919, 0.459739
0.00793614, 386.919, 0
0.00793614, 386.919, 0
0.00793614, 386.919, 0
0.00793614, 386.919, 0
0.00793614, 386.919, 0
0.00793614, 386.919, 0
0.00793614, 386.919, 0
0.00793614, 386.919, 0
0.00785678, 386.919, 0
0.00785678, 386.852, 0.0669474
0.00785678, 386.852, 0
0.00785678, 386.852, 0
0.00785678, 386.852, 0
0.00785678, 386.852, 0
0.00785678, 386.831, 0.0213191
0.00785678, 386.831, 0
0.00785678, 386.683, 0.148264
0.00785678, 386.683, 0
0.00785678, 386.683, 0
0.00785678, 386.683, 0
0.00785678, 386.683, 0
0.00785678, 386.683, 0
0.00785678, 386.626, 0.0565746
0.00785678, 386.626, 0
0.00785678, 386.602, 0.0238268
0.00785678, 386.602, 1.13687e-13
0.00785678, 386.602, 0
0.00785678, 386.602, 0
0.00785678, 386.09, 0.512264
0.00785678, 386.09, 0
0.00785678, 386.09, 0
0.00785678, 386.09, 0
0.00785678, 386.09, 0
0.00777821, 386.09, 0
0.00777821, 386.09, 0
0.00777821, 386.09, 0
0.00777821, 386.09, 0
0.00777821, 386.09, 0
0.00770043, 386.09, 0
0.00770043, 386.09, 0
0.00770043, 385.931, 0.15888
0.00770043, 385.931, 5.68434e-14
0.00770043, 385.869, 0.0616181
0.00770043, 385.869, 0
0.00770043, 385.869, 0
0.00770043, 385.869, 0
0.00770043, 385.869, 0
0.00770043, 385.869, 0
0.00762343, 385.869, 0
0.00762343, 385.869, 0
0.00762343, 385.869, 0
0.00762343, 385.869, 0
0.00762343, 385.869, 0
0.00754719, 385.869, 0
0.00754719, 385.869, 0
0.00754719, 385.869, 0
0.00754719, 385.869, 0
0.00747172, 385.866, 0.00384566
0.00747172, 385.807, 0.0582406
0.00747172, 385.807, 0
0.00747172, 385.795, 0.0124493
0.00747172, 385.795, 0
0.00747172, 385.729, 0.0656077
0.00747172, 385.651, 0.0783573
0.00747172, 385.611, 0.0397238
0.00747172, 385.611, 0
0.00747172, 385.174, 0.437104
0.00747172, 385.174, 0
0.00747172, 385.168, 0.00644738
0.00747172, 385.14, 0.0271695
0.00747172, 385.14, 0
0.00747172, 385.14, 0
0.00747172, 385.14, 0
0.00747172, 384.724, 0.416371
0.00747172, 384.724, -5.68434e-14
0.00747172, 384.724, 0
0.00747172, 384.724, 0
0.00747172, 384.724, 0
0.007397, 384.673, 0.0511134
0.007397, 384.673, 1.13687e-13
0.007397, 384.598, 0.0749499
0.007397, 384.598, 0
0.007397, 384.453, 0.144558
0.007397, 384.453, 0
0.007397, 384.453, 0
0.007397, 384.453, 0
0.007397, 384.453, 0
0.007397, 384.453, 0
0.00732303, 384.453, 0
0.00732303, 384.288, 0.165058
0.00732303, 384.288, 0
0.00732303, 384.288, 0
0.00732303, 384.288, 0
0.00732303, 384.288, 0
0.00732303, 384.288, 0
0.00732303, 384.288, 0
0.00732303, 384.288, 0
0.00732303, 384.155, 0.13323
0.00732303, 384.155, 0
0.00732303, 384.155, 0
0.00732303, 384.155, 0
0.00732303, 384.155, 0
0.00732303, 384.155, 0
0.0072498, 384.155, 0
0.0072498, 384.054, 0.100924
0.0072498, 384.054, -5.68434e-14
0.0072498, 384.054, 0
0.0072498, 384.054, 0
0.0072498, 384.054, 0
0.0072498, 383.977, 0.0767254
0.0072498, 383.977, 0
0.0072498, 383.977, 0
0.0072498, 383.977, 0
0.0072498, 383.961, 0.0167644
0.0072498, 383.961, 5.68434e-14
0.0072498, 383.871, 0.0901136
0.0072498, 383.871, 0
0.0072498, 383.871, 0
0.0072498, 383.871, 0
0.0072498, 383.82, 0.0510817
0.0072498, 383.82, 0
0.0072498, 383.747, 0.0729042
0.0072498, 383.747, -5.68434e-14
0.0072498, 383.747, 0
0.0072498, 383.634, 0.112475
0.0072498, 383.634, 0
0.0072498, 383.634, 0
0.0072498, 383.464, 0.169733
0.0072498, 383.464, 0
0.0072498, 383.429, 0.0356887
0.0072498, 383.429, 0
0.0072498, 383.429, 0
0.0072498, 383.429, 0
0.0072498, 383.255, 0.173979
0.0072498, 383.255, 0
0.0072498, 383.189, 0.0656069
0.0072498, 383.189, 0
0.0072498, 383.189, 0
0.0072498, 383.189, 0
0.0072498, 383.035, 0.154032
0.0072498, 383.035, 5.68434e-14
0.0072498, 383.035, 0
0.0072498, 383.035, 0
0.0072498, 383.008, 0.0266855
0.0072498, 383.008, 0
0.0072498, 382.893, 0.11585
0.0072498, 382.893, 0
0.0072498, 382.66, 0.232333
0.0072498, 382.66, 0
0.0072498, 382.66, 0
0.0072498, 382.66, 0
0.0072498, 382.66, 0
0.0072498, 382.66, 0
0.00717731, 382.66, 0
0.00717731, 382.66, 0
0.00717731, 382.66, 0
0.00717731, 382.66, 0
0.00717731, 382.66, 0
0.00710553, 382.66, 0
0.00710553, 382.66, 0
0.00710553, 382.66, 0
0.00710553, 382.66, 0
0.00703448, 382.485, 0.174814
0.00703448, 382.485, 0
0.00703448, 382.485, 0
0.00703448, 382.485, 0
0.00696413, 382.485, 0
0.00696413, 382.485, 0
0.00689449, 382.485, 0
0.00689449, 382.485, 0
0.00689449, 382.348, 0.137715
0.00689449, 382.335, 0.0122388
0.00689449, 382.335, 0
0.00689449, 382.335, 0
0.00689449, 382.335, 0
0.00689449, 382.335, 0
0.00689449, 382.335, 0
0.00689449, 382.136, 0.199759
0.00689449, 382.015, 0.120714
0.00689449, 381.914, 0.100648
0.00689449, 381.914, 0
0.00689449, 381.914, 0
0.00689449, 381.614, 0.300675
0.00689449, 381.614, 0
0.00689449, 381.614, 0
0.00689449, 381.614, 0
0.00689449, 381.614, 0
0.00689449, 381.614, 0
0.00682555, 381.511, 0.102443
0.00682555, 381.511, 0
0.00682555, 381.511, 0
0.00682555, 381.408, 0.103008
0.00682555, 381.362, 0.0460679
0.00682555, 381.362, 0
0.00682555, 381.362, 0
0.00682555, 381.362, 0
0.00682555, 381.362, 0
0.00682555, 381.362, 0
0.00675729, 381.362, 0
0.00675729, 381.362, 0
0.00675729, 381.362, 0
0.00675729, 381.362, 0
0.00675729, 381.274, 0.0884306
0.00675729, 381.274, 0
0.00675729, 381.235, 0.0390517
0.00675729, 381.201, 0.033308
0.00675729, 381.201, 0
0.00675729, 381.11, 0.0913615
0.00675729, 381.11, 0
0.00675729, 380.942, 0.167509
0.00675729, 380.942, 0
0.00675729, 380.942, 0
0.00675729, 380.776, 0.166371
0.00675729, 380.776, 0
0.00675729, 380.776, 0
0.00675729, 380.776, 0
0.00675729, 380.776, 0
0.00675729, 380.547, 0.228862
0.00675729, 380.547, 0
0.00675729, 380.468, 0.0796652
0.00675729, 380.432, 0.0355228
0.00675729, 380.425, 0.00748244
0.00675729, 380.352, 0.0721439
0.00675729, 380.352, 0
0.00675729, 380.352, 0
0.00675729, 380.337, 0.0157269
0.00675729, 380.337, 0
0.00675729, 380.158, 0.178564
0.00675729, 380.158, 0
0.00675729, 380.158, 0
0.00675729, 380.158, 0
0.00675729, 380.158, 0
0.00675729, 380.158, 0
0.00668972, 380.158, 0
0.00668972, 380.158, 0
0.00668972, 380.158, 0
0.00668972, 380.158, 0
0.00668972, 380.158, 0
0.00662282, 380.158, 0
0.00662282, 380.158, 0
0.00662282, 380.114, 0.0438154
0.00662282, 379.863, 0.251398
0.00662282, 379.863, 0
0.00662282, 379.863, 0
0.00662282, 379.863, 0
0.00662282, 379.863, 0
0.00662282, 379.729, 0.13358
0.00662282, 379.729, 0
0.00662282, 379.723, 0.0061
0.00662282, 379.723, 0
0.00662282, 379.705, 0.0178139
0.00662282, 379.705, 0
0.00662282, 379.666, 0.0398054
0.00662282, 379.381, 0.284798
0.00662282, 379.381, 0
0.00662282, 379.381, 0
0.00662282, 379.372, 0.00851246
0.00662282, 379.372, 0
0.00662282, 379.372, 0
0.00662282, 379.372, 0
0.00662282, 379.324, 0.0486473
0.00662282, 379.324, 0
0.00662282, 379.162, 0.161211
0.00662282, 378.991, 0.171559
0.00662282, 378.991, 0
0.00662282, 378.991, 0
0.00662282, 378.991, 0
0.00662282, 378.991, 0
0.00655659, 378.991, 0
0.00655659, 378.991, 0
0.00655659, 378.991, 0
0.00655659, 378.99, 0.00105565
0.00655659, 378.985, 0.00460179
0.00655659, 378.844, 0.141331
0.00655659, 378.771, 0.0724227
0.00655659, 378.721, 0.0502667
0.00655659, 378.676, 0.045703
0.00655659, 378.37, 0.30588
0.00655659, 378.37, 0
0.00655659, 378.37, 0
0.00655659, 378.37, 0
0.00655659, 378.37, 0
0.00655659, 378.352, 0.0172488
0.00655659, 378.214, 0.138117
0.00655659, 378.214, 0
0.00655659, 378.214, 0
0.00655659, 378.172, 0.0427192
0.00655659, 378.172, 0
0.00655659, 378.117, 0.054927
0.00655659, 378.117, 0
0.00655659, 378.117, 0
0.00655659, 378.117, 0
0.00655659, 378.117, 0
0.00649103, 378.117, 0
0.00649103, 378.117, 0
0.00649103, 378.117, 0
0.00649103, 378.117, 0
0.00649103, 378.117, 0
0.00642612, 378.014, 0.102517
0.00642612, 378.014, 0
0.00642612, 378.014, 0
0.00642612, 377.772, 0.241629
0.00642612, 377.772, 0
0.00642612, 377.772, 0
0.00642612, 377.772, 0
0.00642612, 377.772, 0
0.00642612, 377.588, 0.18472
0.00642612, 377.571, 0.0170802
0.00642612, 377.376, 0.19503
0.00642612, 377.133, 0.242994
0.00642612, 377.133, 0
0.00642612, 377.105, 0.0279906
0.00642612, 377.067, 0.0373843
0.00642612, 376.904, 0.163145
0.00642612, 376.904, 0
0.00642612, 376.904, 0
0.00642612, 376.904, 0
0.00642612, 376.793, 0.110764
0.00642612, 376.767, 0.0263278
0.00642612, 376.767, 5.68434e-14
0.00642612, 376.647, 0.119887
0.00642612, 376.632, 0.0150429
0.00642612, 376.632, 5.68434e-14
0.00642612, 376.632, 0
0.00642612, 376.48, 0.151747
0.00642612, 376.477, 0.00348939
0.00642612, 376.477, 0
0.00642612, 376.477, 0
0.00642612, 376.477, 0
0.00642612, 376.293, 0.183931
0.00642612, 376.269, 0.0241767
0.00642612, 376.269, 0
0.00642612, 376.119, 0.149356
0.00642612, 376.119, 0
0.00642612, 376.039, 0.0802592
0.00642612, 376.002, 0.0376191
0.00642612, 376.002, 0
0.00642612, 375.715, 0.286447
0.00642612, 375.712, 0.00292972
0.00642612, 375.712, 0
0.00642612, 375.712, 0
0.00642612, 375.712, 0
0.00642612, 375.502, 0.210496
0.00642612, 375.502, 0
0.00642612, 375.502, 0
0.00642612, 375.502, 0
0.00642612, 375.502, 0
0.00642612, 375.376, 0.125738
0.00642612, 375.373, 0.00328861
0.00642612, 375.305, 0.0680635
0.00642612, 375.305, 0
0.00642612, 375.209, 0.0954618
0.00642612, 375.209, 0
0.00642612, 375.209, 0
0.00642612, 375.209, 0
0.00642612, 375.209, 0
0.00642612, 375.209, 0
0.00642612, 375.142, 0.0670714
0.00642612, 375.142, 0
0.00642612, 375.142, 0
0.00642612, 375.142, 0
0.00642612, 375.142, 0
0.00642612, 375.106, 0.0363998
0.00642612, 374.984, 0.121352
0.00642612, 374.984, 0
0.00642612, 374.984, 0
0.00642612, 374.87, 0.114527
0.00642612, 374.87, 0
0.00642612, 374.87, 0
0.00642612, 374.87, 0
0.00642612, 374.87, 0
0.00642612, 374.87, 0
0.00642612, 374.87, 0
0.00636185, 374.87, 0
0.00636185, 374.87, 0
0.00636185, 374.855, 0.0144504
0.00636185, 374.649, 0.205866
0.00636185, 374.649, 0
0.00636185, 374.594, 0.0557573
0.00636185, 374.594, 0
0.00636185, 374.594, 0
0.00636185, 374.594, 0
0.00636185, 374.594, 0
0.00629824, 374.594, 0
0.00629824, 374.586, 0.00779347
0.00629824, 374.543, 0.0432526
0.00629824, 374.395, 0.147831
0.00629824, 374.395, 0
0.00629824, 374.395, 0
0.00629824, 374.395, 0
0.00629824, 374.374, 0.0205569
0.00629824, 374.369, 0.00502841
0.00629824, 374.304, 0.0656223
0.00629824, 374.254, 0.0495938
0.00629824, 374.066, 0.187692
0.00629824, 374.066, 0
0.00629824, 373.994, 0.0722269
0.00629824, 373.983, 0.0110591
0.00629824, 373.755, 0.228305
0.00629824, 373.755, 0
0.00629824, 373.755, 0
0.00629824, 373.755, 0
0.00629824, 373.755, 0
0.00623525, 373.755, 0
0.00623525, 373.733, 0.0216928
0.00623525, 373.733, 0
0.00623525, 373.632, 0.100546
0.00623525, 373.632, 0
0.00623525, 373.632, 0
0.00623525, 373.632, 0
0.00623525, 373.632, 0
0.00623525, 373.632, 0
0.00623525, 373.616, 0.0166613
0.00623525, 373.49, 0.12534
0.00623525, 373.49, 0
0.00623525, 373.49, 0
0.00623525, 373.49, 0
0.00623525, 373.49, 0
0.0061729, 373.49, 0
0.0061729, 373.49, 0
0.0061729, 373.424, 0.0667746
0.0061729, 373.424, 0
0.0061729, 373.424, 0
0.0061729, 373.424, 0
0.0061729, 373.424, 0
0.0061729, 373.424, 0
0.0061729, 373.421, 0.00321512
0.0061729, 373.289, 0.131214
0.0061729, 373.289, 0
0.0061729, 373.289, 0
0.0061729, 373.249, 0.039879
0.0061729, 373.249, 0
0.0061729, 373.249, 0
0.0061729, 373.249, 0
0.0061729, 373.249, 0
0.0061729, 373.249, 0
0.0061729, 373.249, 0
0.0061729, 373.212, 0.0369323
0.0061729, 373.159, 0.0539446
0.0061729, 373.148, 0.0106178
0.0061729, 373.148, 0
0.0061729, 373.026, 0.121816
0.0061729, 372.868, 0.157962
0.0061729, 372.868, 0
0.0061729, 372.868, 0
0.0061729, 372.868, 0
0.0061729, 372.868, 0
0.0061729, 372.868, 0
0.00611117, 372.754, 0.113982
0.00611117, 372.754, 0
0.00611117, 372.754, 0
0.00611117, 372.754, 0
0.00611117, 372.754, 0
0.00605006, 372.754, 0
0.00605006, 372.754, 0
0.00605006, 372.693, 0.0609959
0.00605006, 372.611, 0.0818939
0.00605006, 372.611, 0
0.00605006, 372.38, 0.23091
0.00605006, 372.38, 0
0.00605006, 372.38, 0
0.00605006, 372.35, 0.030052
0.00605006, 372.287, 0.0636935
0.00605006, 372.287, 0
0.00605006, 372.195, 0.0914048
0.00605006, 372.195, 0
0.00605006, 371.904, 0.29167
0.00605006, 371.904, 0
0.00605006, 371.904, 0
0.00605006, 371.904, 0
0.00605006, 371.904, 0
0.00605006, 371.904, 0
0.00605006, 371.904, 0
0.00598956, 371.904, 0
0.00598956, 371.904, 0
0.00598956, 371.904, 0
0.00598956, 371.904, 0
0.00598956, 371.904, 0
0.00592966, 371.904, 0
0.00592966, 371.904, 0
0.00592966, 371.837, 0.0661895
0.00592966, 371.837, 0
0.00592966, 371.837, 0
0.00592966, 371.837, 0
0.00592966, 371.837, 0
0.00592966, 371.837, 0
0.00592966, 371.805, 0.031998
0.00592966, 371.805, 0
0.00592966, 371.805, 0
0.00592966, 371.731, 0.0744705
0.00592966, 371.731, 0
0.00592966, 371.537, 0.19406
0.00592966, 371.537, 0
0.00592966, 371.537, 0
0.00592966, 371.537, 0
0.00592966, 371.537, 0
0.00592966, 371.537, 0
0.00592966, 371.537, 0
0.00587037, 371.372, 0.165272
0.00587037, 371.372, 0
0.00587037, 371.372, 0
0.00587037, 371.372, 0
0.00587037, 371.372, 0
0.00581166, 371.2, 0.17167
0.00581166, 371.192, 0.00795957
0.00581166, 371.192, 0
0.00581166, 371.16, 0.0322701
0.00581166, 371.107, 0.0528499
0.00581166, 371.107, 0
0.00581166, 371.107, 0
0.00581166, 371.022, 0.0845416
0.00581166, 371.022, 0
0.00581166, 371.022, 0
0.00581166, 371.022, 0
0.00581166, 370.788, 0.234306
0.00581166, 370.788, 0
0.00581166, 370.788, 0
0.00581166, 370.733, 0.0545938
0.00581166, 370.733, 0
0.00581166, 370.733, 0
0.00581166, 370.629, 0.104406
0.00581166, 370.629, 0
0.00581166, 370.629, 0
0.00581166, 370.573, 0.0555194
0.00581166, 370.573, 0
0.00581166, 370.573, 0
0.00581166, 370.504, 0.0698754
0.00581166, 370.504, 0
0.00581166, 370.393, 0.110295
0.00581166, 370.393, 5.68434e-14
0.00581166, 370.271, 0.122148
0.00581166, 370.271, 0
0.00581166, 370.271, 0
0.00581166, 370.271, 0
0.00581166, 370.271, 0
0.00581166, 370.271, 0
0.00581166, 370.198, 0.0730775
0.00581166, 370.198, 0
0.00581166, 370.183, 0.0152389
0.00581166, 370.117, 0.0662095
0.00581166, 370.117, 0
0.00581166, 370.083, 0.0338265
0.00581166, 369.861, 0.221563
0.00581166, 369.861, 0
0.00581166, 369.861, 0
0.00581166, 369.613, 0.247814
0.00581166, 369.613, -5.68434e-14
0.00581166, 369.613, 0
0.00581166, 369.613, 0
0.00581166, 369.613, 0
0.00581166, 369.613, 0
0.00581166, 369.606, 0.00710363
0.00581166, 369.378, 0.228067
0.00581166, 369.378, 0
0.00581166, 369.378, 0
0.00581166, 369.378, 0
0.00581166, 369.378, 0
0.00581166, 369.378, 0
0.00575355, 369.335, 0.043195
0.00575355, 369.14, 0.195168
0.00575355, 369.109, 0.0304886
0.00575355, 369.109, 0
0.00575355, 369.109, 0
0.00575355, 369.109, 0
0.00575355, 369.109, 0
0.00575355, 369.046, 0.0635005
0.00575355, 369.046, 0
0.00575355, 369.008, 0.0378968
0.00575355, 369.008, 0
0.00575355, 369.008, 0
0.00575355, 369.008, 0
0.00575355, 368.813, 0.195329
0.00575355, 368.813, 0
0.00575355, 368.813, 0
0.00575355, 368.813, 0
0.00575355, 368.813, 0
0.00575355, 368.813, 0
0.00575355, 368.779, 0.0335785
0.00575355, 368.741, 0.037871
0.00575355, 368.467, 0.274621
0.00575355, 368.467, 0
0.00575355, 368.467, 0
0.00575355, 368.467, 0
0.00575355, 368.467, 0
0.00575355, 368.467, 0
0.00575355, 368.463, 0.003672
0.00575355, 368.463, 5.68434e-14
0.00575355, 368.463, 0
0.00569601, 368.463, 0
0.00569601, 368.245, 0.218099
0.00569601, 368.245, 0
0.00569601, 368.245, 0
0.00569601, 368.245, 0
0.00569601, 368.245, 0
0.00569601, 368.245, 0
0.00569601, 368.245, 0
0.00569601, 368.235, 0.00983037
0.00569601, 368.235, 0
0.00569601, 368.235, 0
0.00569601, 368.235, 0
0.00569601, 368.125, 0.110109
0.00569601, 368.125, 0
0.00569601, 368.125, 0
0.00569601, 368.052, 0.0727224
0.00569601, 368.052, 0
0.00569601, 367.874, 0.178355
0.00569601, 367.874, -5.68434e-14
0.00569601, 367.874, 0
0.00569601, 367.874, 0
0.00569601, 367.874, 0
0.00569601, 367.874, 0
0.00569601, 367.874, 0
0.00569601, 367.874, 0
0.00563905, 367.782, 0.092081
0.00563905, 367.782, 0
0.00563905, 367.782, 0
0.00563905, 367.782, 0
0.00563905, 367.782, 0
0.00558266, 367.751, 0.0308824
0.00558266, 367.666, 0.0844968
0.00558266, 367.594, 0.0718564
0.00558266, 367.479, 0.115582
0.00558266, 367.265, 0.214133
0.00558266, 367.265, 0
0.00558266, 367.265, 0
0.00558266, 367.265, 0
0.00558266, 367.265, 0
0.00558266, 367.265, 0
0.00552683, 367.226, 0.0391404
0.00552683, 367.187, 0.0388319
0.00552683, 367.187, 0
0.00552683, 367.113, 0.0735526
0.00552683, 367.113, 0
0.00552683, 367.113, 0
0.00552683, 366.957, 0.155773
0.00552683, 366.957, 0
0.00552683, 366.933, 0.0244374
0.00552683, 366.933, 0
0.00552683, 366.845, 0.087913
0.00552683, 366.814, 0.0314795
0.00552683, 366.814, 0
0.00552683, 366.788, 0.0257303
0.00552683, 366.781, 0.0072848
0.00552683, 366.781, 0
0.00552683, 366.781, 0
0.00552683, 366.781, 0
0.00552683, 366.781, 0
0.00552683, 366.767, 0.0137506
0.00552683, 366.575, 0.191731
0.00552683, 366.555, 0.0200726
0.00552683, 366.555, 0
0.00552683, 366.555, 0
0.00552683, 366.384, 0.170836
0.00552683, 366.384, 0
0.00552683, 366.384, 0
0.00552683, 366.384, 0
0.00552683, 366.384, 0
0.00552683, 366.384, 0
0.00547157, 366.264, 0.120291
0.00547157, 366.264, 0
0.00547157, 366.264, 0
0.00547157, 366.264, 0
0.00547157, 366.264, 0
0.00541685, 366.264, 0
0.00541685, 366.264, 0
0.00541685, 366.147, 0.116929
0.00541685, 366.147, 5.68434e-14
0.00541685, 366.147, 0
0.00541685, 366.147, 0
0.00541685, 366.024, 0.12296
0.00541685, 366.024, 0
0.00541685, 366.024, 0
0.00541685, 366.024, 0
0.00541685, 366.024, 0
0.00541685, 365.866, 0.158361
0.00541685, 365.866, 0
0.00541685, 365.866, 0
0.00541685, 365.866, 0
0.00541685, 365.803, 0.0626343
0.00541685, 365.72, 0.0827553
0.00541685, 365.72, 0
0.00541685, 365.638, 0.0824807
0.00541685, 365.623, 0.0149483
0.00541685, 365.623, 0
0.00541685, 365.621, 0.00213504
0.00541685, 365.582, 0.0388893
0.00541685, 365.446, 0.136297
0.00541685, 365.446, 0
0.00541685, 365.413, 0.0323782
0.00541685, 365.413, 0
0.00541685, 365.413, 0
0.00541685, 365.413, 0
0.00541685, 365.354, 0.0589683
0.00541685, 365.354, 0
0.00541685, 365.354, 0
0.00541685, 365.354, 0
0.00541685, 365.354, 0
0.00541685, 365.354, 0
0.00536268, 365.305, 0.0489249
0.00536268, 365.305, 0
0.00536268, 365.305, 0
0.00536268, 365.305, 0
0.00536268, 365.305, 0
0.00530906, 365.305, 0
0.00530906, 365.305, 0
0.00530906, 365.305, 0
0.00530906, 365.305, 0
0.00530906, 365.174, 0.131375
0.00530906, 365.174, 0
0.00530906, 365.174, 0
0.00530906, 365.174, 0
0.00530906, 365.174, 0
0.00530906, 365.166, 0.00791595
0.00530906, 365.166, 0
0.00530906, 365.166, 0
0.00530906, 364.929, 0.236608
0.00530906, 364.929, 0
0.00530906, 364.929, 0
0.00530906, 364.929, 0
0.00530906, 364.929, 0
0.00530906, 364.823, 0.106813
0.00530906, 364.823, 0
0.00530906, 364.823, 0
0.00530906, 364.823, 0
0.00530906, 364.78, 0.0425591
0.00530906, 364.769, 0.0109266
0.00530906, 364.769, 0
0.00530906, 364.616, 0.152592
0.00530906, 364.616, 0
0.00530906, 364.616, 0
0.00530906, 364.616, 0
0.00530906, 364.616, 0
0.00530906, 364.616, 0
0.00525596, 364.616, 0
0.00525596, 364.616, 0
0.00525596, 364.616, 0
0.00525596, 364.616, 0
0.00525596, 364.616, 0
0.00520341, 364.616, 0
0.00520341, 364.616, 0
0.00520341, 364.616, 0
0.00520341, 364.581, 0.0351861
0.00520341, 364.581, 0
0.00520341, 364.271, 0.310259
0.00520341, 364.271, 0
0.00520341, 364.271, 0
0.00520341, 364.271, 0
0.00520341, 364.271, 0
0.00515137, 364.271, 0
0.00515137, 364.271, 0
0.00515137, 364.271, 0
0.00515137, 364.271, 0
0.00515137, 364.26, 0.0109923
0.00515137, 364.26, 0
0.00515137, 364.26, 0
0.00515137, 364.237, 0.0235224
0.00515137, 364.22, 0.0164414
0.00515137, 364.22, 0
0.00515137, 364.22, 0
0.00515137, 364.22, 0
0.00515137, 364.205, 0.0149348
0.00515137, 364.205, 0
0.00515137, 364.186, 0.0190493
0.00515137, 364.186, 0
0.00515137, 364.186, 0
0.00515137, 364.186, 0
0.00515137, 364.186, 0
0.00515137, 364.176, 0.0104225
0.00515137, 364.176, 0
0.00515137, 364.176, 0
0.00515137, 364.176, 0
0.00515137, 364.176, 0
0.00515137, 364.176, 0
0.00509986, 364.123, 0.0528228
0.00509986, 364.123, 0
0.00509986, 364.118, 0.00448201
0.00509986, 364.118, 0
0.00509986, 364.118, 0
0.00509986, 364, 0.118246
0.00509986, 363.991, 0.00933879
0.00509986, 363.991, 0
0.00509986, 363.991, 0
0.00509986, 363.991, 0
0.00509986, 363.939, 0.0517877
0.00509986, 363.88, 0.0587605
0.00509986, 363.88, 0
0.00509986, 363.88, 0
0.00509986, 363.88, 0
0.00509986, 363.863, 0.0169099
0.00509986, 363.825, 0.037965
0.00509986, 363.762, 0.063645
0.00509986, 363.704, 0.0573149
0.00509986, 363.704, 0
0.00509986, 363.687, 0.0172374
0.00509986, 363.687, 0
0.00509986, 363.644, 0.0433782
0.00509986, 363.644, 5.68434e-14
0.00509986, 363.593, 0.0506786
0.00509986, 363.593, 0
0.00509986, 363.434, 0.158829
0.00509986, 363.434, 0
0.00509986, 363.434, 0
0.00509986, 363.434, 0
0.00509986, 363.434, 0
0.00509986, 363.434, 0
0.00509986, 363.407, 0.0273428
0.00509986, 363.386, 0.0213724
0.00509986, 363.386, 0
0.00509986, 363.374, 0.0116276
0.00509986, 363.291, 0.0832522
0.00509986, 363.147, 0.143342
0.00509986, 363.139, 0.00864223
0.00509986, 363.139, 0
0.00509986, 363.139, 0
0.00509986, 363.139, 0
0.00509986, 363.139, 0
0.00509986, 363.097, 0.0416234
0.00509986, 363.097, 0
0.00509986, 363.097, 0
0.00509986, 363.097, 0
0.00509986, 363.097, 0
0.00509986, 362.957, 0.140002
0.00509986, 362.957, 0
0.00509986, 362.957, 0
0.00509986, 362.957, 0
0.00509986, 362.957, 0
0.00509986, 362.957, 0
0.00509986, 362.905, 0.0518794
0.00509986, 362.881, 0.0245777
0.00509986, 362.881, 0
0.00509986, 362.881, 0
0.00509986, 362.881, 0
0.00509986, 362.862, 0.0186208
0.00509986, 362.8, 0.0620204
0.00509986, 362.8, 0
0.00509986, 362.8, 0
0.00509986, 362.672, 0.127557
0.00509986, 362.672, 0
0.00509986, 362.672, 0
0.00509986, 362.672, 0
0.00509986, 362.672, 0
0.00509986, 362.672, 0
0.00509986, 362.596, 0.0766941
0.00509986, 362.596, 0
0.00509986, 362.596, 0
0.00509986, 362.596, 0
0.00509986, 362.596, 0
0.00509986, 362.596, 0
0.00504886, 362.596, 0
0.00504886, 362.596, 0
0.00504886, 362.596, 0
0.00504886, 362.596, 0
0.00504886, 362.548, 0.0481399
0.00504886, 362.533, 0.0144566
0.00504886, 362.533, 0
0.00504886, 362.533, 0
0.00504886, 362.533, 0
0.00504886, 362.533, 0
